{
  "metadata": {
    "training_date": "2025-11-04T11:22:02.327897",
    "lookback_months": 12,
    "num_tickers": 37,
    "num_trades": 634
  },
  "priors": {
    "global": {
      "alpha": 328.0,
      "beta": 308.0,
      "p_win": 0.5157232704402516,
      "avg_win": 0.05922020977253691,
      "avg_loss": -0.03862602413423912
    }
  },
  "setup_parameters": {
    "MACD_Cross_Long": {
      "alpha": 27.0,
      "beta": 33.0,
      "p_win": 0.45,
      "avg_win": 0.05863137162746952,
      "avg_loss": -0.03531254422559407,
      "avg_r_win": 1.2211286190859918,
      "avg_r_loss": -0.8361491407017089,
      "total_trades": 58,
      "expectancy": 0.0069622179082845445,
      "profit_factor": 1.349038719583156
    },
    "Trend_Following_Long": {
      "alpha": 260.0,
      "beta": 216.0,
      "p_win": 0.5462184873949579,
      "avg_win": 0.06133819022256169,
      "avg_loss": -0.0361677659139204,
      "avg_r_win": 1.0046267635273467,
      "avg_r_loss": -0.7366704650426403,
      "total_trades": 474,
      "expectancy": 0.017091789958947966,
      "profit_factor": 2.0430104074149185
    },
    "Mean_Reversion_Short": {
      "alpha": 15.0,
      "beta": 50.0,
      "p_win": 0.23076923076923078,
      "avg_win": 0.05801587737065914,
      "avg_loss": -0.054786343954450104,
      "avg_r_win": 1.3168639401076112,
      "avg_r_loss": -0.9418254687972889,
      "total_trades": 63,
      "expectancy": -0.028755062110194116,
      "profit_factor": 0.3025565089144639
    },
    "BB_Bounce_Long": {
      "alpha": 29.0,
      "beta": 12.0,
      "p_win": 0.7073170731707317,
      "avg_win": 0.04077783508830931,
      "avg_loss": -0.02432613352104189,
      "avg_r_win": 0.8292993109937956,
      "avg_r_loss": -0.6706203825653451,
      "total_trades": 39,
      "expectancy": 0.02172301500752359,
      "profit_factor": 4.266938911173382
    }
  }
}